 ,mortgage_rate,bank,row,policy,rate,mortgage,also,and_re,banking,back,state,clear,issue,cost,prime,yet,tax,necessary,million,administration,last,large,land,government,can,percent,loan,since,day,unit,borrow,month,well,addition,pay,inspection,however,power,january,security,set,time,level,consider,case,interest,company,source,public,question,minister,may,ministry,yu,measure,us,rise,order,range,think,need,follow,move,course,europe,break,term,see,end,per,cent,market,lending,hang,good,increase,authority,fall,airline_safety,flight,civil_aviation,safety,view,situation,friday,check,march,concern,airline,service,safe,part,aircraft,equipment,foreign,international,air,serious,standard,key,off,far,plan,add,report,eat,maintenance,transport,accord,ago,one,matter,prove,take,ask,work,point,sign,just,aviation,fact,long,depend,meet,civil,hoof_and,and_mouth,hoof_and_mouth,and_mouth_disease,mouth_disease,disease,le,import,sheep,country,problem,must,suffer,possible,cap,outbreak,animal,establish,force,united,quality,european,health,people,states,several,help,dr,hoof,agriculture,farmer,prof,ever,resident,implement,usa,deputy,british,LABEL
C7__article08,0.3942981094501602,0.5257308126002136,0.14759129844305535,0.02821651669025296,0.3371673627254066,0.47315773134019223,0.11360300986184213,0.03689782461076384,0.07379564922152768,0.03333202880101035,0.104157952930625,0.03333202880101035,0.046409800843966,0.05643303338050592,0.0,0.0,0.03689782461076384,0.0,0.0,0.0,0.0,0.0,0.0,0.049273308627802916,0.0,0.0,0.03333202880101035,0.0,0.08033117012319416,0.0,0.03689782461076384,0.0,0.030517728603109973,0.0,0.0,0.0,0.0,0.030517728603109973,0.0,0.0,0.0,0.0,0.0,0.0,0.0,0.03689782461076384,0.0,0.0,0.0,0.0,0.023204900421983,0.061035457206219945,0.0,0.0,0.0,0.1538476794261568,0.0,0.02628654063001068,0.0,0.03333202880101035,0.0,0.0,0.0,0.0,0.08464955007075887,0.0,0.0666640576020207,0.07379564922152768,0.034748916576209266,0.03213246804927767,0.056801504930921065,0.0,0.0,0.05643303338050592,0.0,0.0,0.0,0.0,0.0,0.0,0.0,0.0,0.0,0.0,0.0,0.0,0.0,0.0,0.0,0.0,0.0,0.046409800843966,0.0,0.0,0.0666640576020207,0.0,0.04166318117225,0.03333202880101035,0.0,0.0,0.046409800843966,0.0,0.0,0.0,0.0,0.05950012283389528,0.0,0.0,0.0,0.03333202880101035,0.07933349711186038,0.0,0.0,0.05257308126002136,0.08464955007075887,0.0,0.049273308627802916,0.0,0.0,0.0,0.0,0.0,0.02821651669025296,0.0,0.0,0.0,0.0,0.0,0.0,0.0,0.0,0.20979229012657746,0.0,0.0,0.030517728603109973,0.030517728603109973,0.02628654063001068,0.0,0.0,0.0,0.0,0.0,0.0,0.0,0.0,0.0,0.09155318580932992,0.0,0.0,0.0,0.0,0.03689782461076384,0.020831590586125,0.0,0.0,0.0,0.0,0.024636654313901458,0.0,0.0,0.0,0.0,0.07379564922152768,C7
C7__article05,0.05862149138673525,0.4592016825294261,0.04114283309572715,0.0,0.09583234975023168,0.12701323133792636,0.04926163302544177,0.04114283309572715,0.013714277698575719,0.012388933603978032,0.03871369399346817,0.0,0.017249713321149843,0.010487586996219257,0.04114283309572715,0.013714277698575719,0.027428555397151437,0.013714277698575719,0.371668008119341,0.013714277698575719,0.03146276098865777,0.024777867207956064,0.027428555397151437,0.01831402920843704,0.03662805841687408,0.1258510439546311,0.4212237425352531,0.02747104381265556,0.017914616699646252,0.04885124282227937,0.04114283309572715,0.01954049712891175,0.034028721953764524,0.027428555397151437,0.09911146883182426,0.020975173992438513,0.022685814635843016,0.022685814635843016,0.013714277698575719,0.027428555397151437,0.020975173992438513,0.007371719211556283,0.04537162927168603,0.024777867207956064,0.02747104381265556,0.054857110794302874,0.022685814635843016,0.010487586996219257,0.02931074569336762,0.0734131089735348,0.1552474198903486,0.034028721953764524,0.0,0.013714277698575719,0.0,0.16634908642510274,0.0,0.02931074569336762,0.037166800811934096,0.0,0.0,0.0,0.0,0.0,0.0,0.0,0.0,0.054857110794302874,0.025831132142774278,0.13137385579740585,0.13371014678334195,0.012388933603978032,0.013714277698575719,0.010487586996219257,0.0,0.0,0.012388933603978032,0.0,0.0,0.0,0.0,0.0,0.010487586996219257,0.0,0.0,0.0,0.012388933603978032,0.0,0.0,0.022685814635843016,0.0,0.04312428330287461,0.0,0.0,0.0,0.0,0.0464564327921618,0.0,0.0,0.0,0.04312428330287461,0.0,0.009770248564455875,0.01831402920843704,0.00915701460421852,0.04423031526933769,0.012388933603978032,0.0,0.0,0.0,0.04423031526933769,0.013714277698575719,0.02931074569336762,0.4982826767872496,0.010487586996219257,0.009770248564455875,0.01831402920843704,0.0,0.0,0.0,0.0,0.0,0.010487586996219257,0.0,0.0,0.0,0.0,0.0,0.0,0.0,0.0,0.14555545062196487,0.0,0.0,0.0,0.022685814635843016,0.0,0.013714277698575719,0.0,0.0,0.0,0.0,0.010487586996219257,0.011342907317921508,0.0,0.0,0.0,0.0,0.0,0.0,0.012388933603978032,0.0,0.0,0.0,0.0,0.0,0.012388933603978032,0.03662805841687408,0.0,0.024777867207956064,0.0,0.0,0.0,C7
C7__article04,0.41696268875268433,0.13898756291756145,0.0,0.0,0.26216766159209687,0.20848134437634216,0.10011083684128681,0.0,0.0,0.0,0.0,0.0,0.061346842910816296,0.07459606313360988,0.0,0.0,0.0,0.0,0.17623990601720016,0.0,0.0,0.0,0.0,0.13026394723169776,0.0,0.3729803156680494,0.17623990601720016,0.06513197361584888,0.04247433589261245,0.06949378145878073,0.0,0.0,0.0,0.0,0.0,0.0,0.0,0.0,0.09754685471535175,0.0,0.0,0.05243353231841938,0.0,0.0,0.0,0.0,0.0,0.0,0.0,0.0,0.0,0.0,0.16135956358910544,0.1950937094307035,0.08067978179455272,0.29580176444921724,0.0,0.0,0.0,0.0,0.0,0.0,0.0,0.0,0.0,0.0,0.0,0.0,0.04593289106516236,0.21237167946306224,0.3503879289445038,0.0,0.0,0.0,0.0,0.0,0.0,0.0,0.0,0.0,0.0,0.0,0.0,0.0,0.0,0.0,0.0,0.0,0.0,0.0,0.0,0.18404052873244886,0.0,0.0,0.0,0.0,0.0,0.08811995300860008,0.0,0.0,0.0,0.0,0.0,0.06513197361584888,0.0,0.0,0.0,0.0,0.0,0.08811995300860008,0.0,0.0,0.0,0.0,0.07459606313360988,0.0,0.0,0.0,0.09754685471535175,0.0,0.0,0.0,0.0,0.08067978179455272,0.0,0.0,0.0,0.0,0.0,0.0,0.0,0.07395044111230431,0.0,0.0,0.0,0.0,0.06949378145878073,0.09754685471535175,0.0,0.0,0.0,0.0,0.0,0.0,0.0,0.0,0.0,0.08811995300860008,0.0,0.0,0.0,0.0,0.05507251882273931,0.0,0.0,0.0,0.0,0.0,0.0,0.0,0.0,0.0,0.0,C7
C7__article06,0.5381975220375061,0.0,0.0839395256961777,0.0,0.315835102255067,0.17939917401250202,0.0,0.0,0.0,0.0,0.0,0.0,0.0,0.06419026196702073,0.0,0.0,0.0,0.0839395256961777,0.0,0.0,0.06419026196702073,0.0,0.0,0.2802318428884158,0.05604636857768316,0.2567610478680829,0.3791381629625865,0.05604636857768316,0.03654936511781685,0.0,0.0839395256961777,0.0,0.06942533038986921,0.0,0.0,0.0,0.0,0.0,0.0,0.0,0.0,0.0,0.06942533038986921,0.0,0.0,0.0,0.0,0.19257078590106216,0.0,0.0,0.05278924586464839,0.06942533038986921,0.0,0.0,0.0,0.12726940238316137,0.0,0.11959944934166802,0.0758276325925173,0.0,0.0,0.0,0.0,0.0,0.0,0.0,0.0,0.0,0.0395254680544522,0.18274682558908423,0.17229168866646313,0.0,0.0839395256961777,0.0,0.0,0.1516552651850346,0.0,0.0,0.0,0.0,0.0,0.0,0.0,0.0,0.0839395256961777,0.0,0.1516552651850346,0.0,0.0,0.0,0.0,0.0,0.0,0.0,0.0,0.0,0.0,0.0,0.0,0.0,0.05278924586464839,0.0,0.05979972467083401,0.0,0.05604636857768316,0.0,0.0,0.0,0.0,0.0,0.0,0.0,0.0,0.0,0.0,0.0,0.0,0.0,0.0,0.0,0.0,0.0,0.0,0.13885066077973843,0.0,0.0,0.0,0.0,0.0,0.0,0.0,0.09545205178737101,0.0,0.0,0.0,0.0,0.0,0.0,0.0,0.0,0.0,0.0,0.0,0.0,0.0,0.0,0.0,0.0,0.0,0.0,0.0,0.0,0.0,0.0,0.0,0.0,0.0,0.0,0.0,0.0,0.0,0.0,0.0,C7
C7__article07,0.36299956884318263,0.7864990658268955,0.0,0.12988374972303748,0.3195332603263329,0.24199971256212172,0.0,0.0,0.0,0.0,0.0,0.0,0.0,0.0,0.0,0.0,0.0,0.0,0.0,0.0,0.0,0.0,0.0,0.0,0.0,0.06494187486151874,0.0,0.0,0.07395465365038408,0.0,0.0,0.12099985628106086,0.0,0.0,0.0,0.0,0.0,0.0,0.0,0.0,0.06494187486151874,0.0,0.0,0.0,0.0,0.08492238552472473,0.0,0.0,0.0,0.0,0.0,0.0,0.0,0.0,0.0,0.0,0.07671550911255823,0.0,0.07671550911255823,0.0,0.0,0.0,0.0,0.0,0.0,0.0,0.0,0.0,0.039988277373816855,0.03697732682519204,0.0435772691300348,0.0,0.0,0.0,0.0,0.0,0.0,0.0,0.0,0.0,0.0,0.0,0.0,0.0,0.08492238552472473,0.0,0.0,0.0,0.0,0.0,0.0,0.0,0.0,0.0,0.0,0.0,0.0,0.0,0.0,0.08492238552472473,0.0,0.0,0.0,0.0,0.0,0.0,0.0,0.0,0.0,0.0,0.04564760861804756,0.0,0.0,0.0,0.0,0.0,0.05670262346778499,0.0,0.0,0.0,0.0,0.0,0.0,0.0,0.0,0.0,0.0,0.0,0.0,0.0,0.0,0.0,0.0,0.0,0.0,0.0,0.0,0.0,0.0,0.0,0.0,0.0,0.0,0.0,0.0,0.0,0.0,0.0,0.0,0.0,0.0,0.0,0.0,0.0,0.0,0.0,0.0,0.0,0.0,0.0,0.0,0.0,0.0,C7
C7__article03,0.6599762109330471,0.35198731249762516,0.0,0.047228808164793155,0.33197103643843107,0.30798889843542204,0.0,0.0,0.1235191642802545,0.055791152794209944,0.034867918189897186,0.0,0.0,0.047228808164793155,0.0,0.0,0.0,0.0,0.0,0.0,0.0,0.0,0.0,0.12371050259533058,0.08247366839688705,0.0,0.0,0.0,0.053783327900460115,0.0,0.0,0.0,0.0,0.0,0.0,0.0,0.0,0.0,0.0,0.0,0.0,0.06639420728768622,0.15324173061227503,0.0,0.0,0.06175958214012725,0.0,0.0,0.0,0.047228808164793155,0.0,0.0,0.0,0.0,0.0,0.11705011800486147,0.0,0.0,0.0,0.11158230558841989,0.1235191642802545,0.0,0.0,0.0,0.0,0.0,0.0,0.0,0.05816273967931353,0.0,0.0,0.0,0.06175958214012725,0.0,0.0,0.0,0.0,0.0,0.0,0.0,0.0,0.0,0.0,0.0,0.0,0.0,0.0,0.0,0.0,0.0,0.0,0.0,0.0,0.0,0.0,0.0,0.034867918189897186,0.0,0.0,0.0,0.0,0.0,0.0,0.0,0.041236834198443525,0.19918262186305866,0.0,0.0,0.0,0.0,0.03319710364384311,0.0,0.0,0.0,0.0,0.043998414062203145,0.0,0.0,0.0,0.0,0.0,0.0,0.047228808164793155,0.05108057687075834,0.047228808164793155,0.0,0.0,0.0,0.0,0.0,0.0,0.21069021240875063,0.0,0.0,0.0,0.0,0.043998414062203145,0.0,0.0,0.0,0.0,0.0,0.0,0.0,0.0,0.0,0.0,0.0,0.0,0.0,0.0,0.0,0.06973583637979437,0.0,0.0,0.0,0.0,0.0,0.0,0.0,0.0,0.0,0.0,C7
C7__article02,0.3315335347852332,0.22102235652348878,0.0,0.05931249284133672,0.16676287619693575,0.552555891308722,0.0,0.0,0.0,0.0,0.0,0.14013109706982982,0.04877783127065566,0.0,0.07756102505887336,0.0,0.07756102505887336,0.0,0.07006554853491491,0.0,0.0,0.0,0.0,0.05178744770904135,0.2071497908361654,0.2965624642066836,0.0,0.0,0.0,0.0,0.0,0.11051117826174439,0.0,0.0,0.14013109706982982,0.0,0.06414975240126247,0.0,0.0,0.0,0.0,0.04169071904923394,0.0,0.0,0.0,0.0,0.0,0.0,0.0,0.0,0.04877783127065566,0.0,0.0,0.0,0.0,0.17639744611848057,0.0,0.0,0.0,0.14013109706982982,0.0,0.07006554853491491,0.05931249284133672,0.07756102505887336,0.05931249284133672,0.05931249284133672,0.07006554853491491,0.07756102505887336,0.03652195783582636,0.1688600334751469,0.19899921805704907,0.0,0.0,0.05931249284133672,0.07756102505887336,0.0,0.0,0.0,0.0,0.0,0.0,0.0,0.0,0.0,0.0,0.0,0.0,0.0,0.0,0.0,0.0,0.0,0.0,0.0,0.0,0.0,0.0,0.0,0.0,0.0,0.04877783127065566,0.0,0.0,0.0,0.0,0.04169071904923394,0.0,0.0,0.0,0.07006554853491491,0.1250721571477018,0.0,0.0,0.0,0.0,0.0,0.0,0.0,0.0,0.0,0.0,0.0,0.0,0.0,0.0,0.0,0.0,0.0,0.0,0.0,0.0,0.23519659482464075,0.07756102505887336,0.0,0.0,0.0,0.11051117826174439,0.0,0.0,0.0,0.0,0.0,0.0,0.0,0.0,0.0,0.0,0.07006554853491491,0.1551220501177467,0.0,0.0,0.0,0.0,0.0,0.0,0.0,0.0,0.05178744770904135,0.0,0.0,0.0,0.0,0.0,C7
C7__article01,0.22990804829768716,0.40872541919588834,0.10757224850152823,0.0,0.3083861178208956,0.33208940309665924,0.0367999147685214,0.0,0.03585741616717608,0.032392165148550874,0.0,0.0,0.022550591541003567,0.0,0.03585741616717608,0.0,0.0,0.0,0.06478433029710175,0.0,0.0,0.0,0.0,0.0,0.0,0.0,0.35631381663405964,0.047883948499376355,0.015613214213519267,0.0,0.03585741616717608,0.1277266934987151,0.029657219810173364,0.0,0.09717649544565263,0.0,0.0,0.0,0.0,0.0,0.0,0.019274132363805974,0.05931443962034673,0.0,0.023941974249688178,0.0,0.0,0.0,0.0,0.0,0.0,0.0,0.0,0.0,0.0,0.13591784945029226,0.06478433029710175,0.0,0.0,0.0,0.0,0.032392165148550874,0.10968358079899553,0.0,0.0,0.0,0.0,0.0,0.1350764036824148,0.3122642842703853,0.3127992755324319,0.06478433029710175,0.1792870808358804,0.08226268559924664,0.03585741616717608,0.1295686605942035,0.09717649544565263,0.0,0.0,0.0,0.0,0.0,0.0,0.0,0.0,0.0,0.0,0.023941974249688178,0.0,0.0,0.0,0.022550591541003567,0.0,0.0,0.0,0.0,0.0,0.0,0.032392165148550874,0.0,0.022550591541003567,0.0,0.0,0.0,0.0,0.0,0.0,0.0,0.02554533869974302,0.0,0.0770965294552239,0.0,0.02554533869974302,0.0,0.0,0.0,0.047883948499376355,0.029657219810173364,0.0,0.0,0.0,0.0,0.0,0.0,0.0,0.0,0.0,0.0,0.0,0.0,0.0,0.23106034406549691,0.0,0.0,0.0,0.0,0.0,0.0,0.0,0.0,0.0,0.0,0.0,0.0,0.0,0.0,0.0,0.0,0.0,0.0,0.0,0.0,0.0,0.0,0.0,0.0,0.0,0.0,0.07171483233435216,0.0,0.0,0.0,0.0,C7
C1__article08,0.0,0.0,0.0,0.0,0.0,0.0,0.0,0.0,0.0,0.0,0.16343162027354674,0.0,0.0,0.0,0.0,0.0,0.0,0.0,0.0,0.0,0.0,0.0,0.0,0.06442792283821079,0.0,0.0,0.0,0.0,0.04201520518376535,0.0,0.0,0.0,0.0,0.09649241194161426,0.08716741129986794,0.0,0.0,0.07980766538292437,0.0,0.0,0.0,0.0,0.0,0.0,0.0,0.0,0.0,0.0,0.0,0.07378970930549283,0.060683707893416906,0.0,0.0,0.0,0.15961533076584875,0.1463021324038561,0.0,0.0,0.08716741129986794,0.0,0.0,0.0,0.0,0.0,0.0,0.0,0.0,0.0,0.04543637474793342,0.04201520518376535,0.0,0.0,0.0,0.0,0.0,0.08716741129986794,0.0,0.0,0.07378970930549283,0.3192306615316975,0.47884599229754626,0.24273483157366763,0.07378970930549283,0.09649241194161426,0.09649241194161426,0.0,0.0,0.0,0.13748516253996376,0.07980766538292437,0.24273483157366763,0.060683707893416906,0.08716741129986794,0.09649241194161426,0.0,0.0,0.27238603378924453,0.0,0.0,0.0,0.0,0.0,0.0,0.06442792283821079,0.06442792283821079,0.0,0.0,0.17433482259973587,0.0,0.0,0.0,0.0,0.06874258126998188,0.06874258126998188,0.0,0.0,0.06442792283821079,0.0,0.0,0.15961533076584875,0.0,0.0,0.0,0.0,0.36894854652746417,0.0,0.0,0.0,0.0,0.0,0.0,0.1463021324038561,0.0,0.0,0.0,0.0,0.0,0.0,0.07980766538292437,0.0,0.0,0.0,0.0,0.0,0.0,0.0,0.0,0.0,0.0,0.0,0.0,0.0,0.1089544135156978,0.0,0.0,0.0,0.0,0.0,0.0,0.0,0.08716741129986794,0.09649241194161426,0.0,C1
C1__article05,0.0,0.0,0.0,0.0,0.0,0.0,0.05013279087624993,0.0,0.0,0.0,0.05515764639038729,0.0,0.0,0.0,0.0,0.0,0.0,0.0,0.0,0.0,0.0,0.0,0.0,0.0,0.0,0.0,0.0,0.0,0.042539989997042275,0.0696012004893373,0.0,0.0,0.0,0.0,0.0,0.0,0.0,0.0,0.0,0.29309290916228875,0.2241341068318692,0.0,0.0,0.0,0.0,0.0,0.0,0.0,0.0,0.0,0.0,0.0,0.24241347428112045,0.0,0.0,0.03703237448076788,0.0,0.0,0.0,0.0,0.0,0.0,0.0,0.0,0.0,0.0,0.0,0.0,0.0,0.0,0.0,0.0,0.0,0.0,0.0,0.0,0.0,0.0,0.1494227378879128,0.0,0.24241347428112042,0.3686500135575025,0.0,0.0,0.09769763638742958,0.19539527277485916,0.08825616318059207,0.06523265044357628,0.34800600244668645,0.0,0.3686500135575025,0.0,0.0,0.0,0.0,0.08825616318059207,0.3861035247327111,0.0,0.0,0.0,0.0,0.0,0.0696012004893373,0.0,0.0,0.0,0.0,0.08825616318059207,0.0,0.0,0.0,0.0,0.0,0.0,0.0747113689439564,0.0,0.0,0.08080449142704015,0.0,0.08080449142704015,0.0,0.09769763638742958,0.0,0.0,0.1494227378879128,0.0,0.0,0.0,0.0,0.0,0.0,0.0,0.0,0.0,0.08080449142704015,0.0,0.0,0.0,0.0,0.0,0.0,0.0,0.0747113689439564,0.08080449142704015,0.09769763638742958,0.0,0.0,0.0,0.0,0.09769763638742958,0.0,0.0,0.0,0.0,0.0,0.0,0.0,0.0,0.0,0.0,0.0,0.0,0.0,C1
C1__article04,0.0,0.0,0.0,0.0,0.0,0.0,0.0,0.0,0.0,0.0,0.08157340051455765,0.0,0.09086692771715787,0.0,0.0,0.0,0.0,0.0,0.0,0.0,0.0,0.0,0.43345912727775415,0.0,0.0,0.0,0.0,0.0,0.0,0.0,0.0,0.20586834193854264,0.0,0.0,0.0,0.0,0.0,0.0,0.0,0.0,0.0,0.0,0.0,0.0,0.0,0.0,0.0,0.0,0.0,0.0,0.0,0.0,0.0,0.0,0.0,0.10953537408554938,0.0,0.0,0.0,0.0,0.0,0.0,0.0,0.0,0.0,0.0,0.0,0.0,0.0,0.06291297524469372,0.0,0.0,0.0,0.0,0.0,0.0,0.0,0.0,0.11049166925509649,0.0,0.0,0.18173385543431575,0.0,0.0,0.0,0.0,0.0,0.09647346233009962,0.5146708548463567,0.1195028717487451,0.18173385543431575,0.0,0.13052325141022106,0.0,0.0,0.13052325141022106,0.5710138036019036,0.0,0.0,0.0,0.0,0.0,0.0,0.0,0.0,0.0,0.0,0.0,0.0,0.0,0.0,0.0,0.0,0.0,0.0,0.0,0.0,0.0,0.0,0.0,0.0,0.0,0.0,0.0,0.0,0.0,0.0,0.0,0.0,0.0,0.0,0.10953537408554938,0.0,0.0,0.0,0.0,0.0,0.0,0.0,0.0,0.0,0.0,0.0,0.0,0.0,0.0,0.0,0.0,0.0,0.0,0.0,0.0,0.0,0.0,0.0,0.0,0.0,0.0,0.0,0.0,0.0,0.0,0.0,C1
C1__article06,0.0,0.0,0.0,0.0,0.016388150135481897,0.0,0.03128973677341595,0.0,0.0,0.0,0.06885187145701052,0.027541974686478288,0.019174013794357837,0.0,0.0,0.030488361734073904,0.0,0.0,0.0,0.0,0.04663014022116667,0.027541974686478288,0.0,0.0,0.0814282399098878,0.04663014022116667,0.0,0.0,0.03982618160946382,0.021720347145652658,0.0,0.0,0.0,0.030488361734073904,0.0,0.023315070110583334,0.10086616853639487,0.0,0.0,0.0,0.023315070110583334,0.016388150135481897,0.025216542134098716,0.027541974686478288,0.0814282399098878,0.0,0.10086616853639487,0.0,0.08688138858261063,0.04663014022116667,0.0,0.10086616853639487,0.0,0.030488361734073904,0.0,0.3351425648861624,0.0,0.10860173572826327,0.0,0.0,0.0,0.0,0.0,0.06097672346814781,0.023315070110583334,0.0,0.027541974686478288,0.0,0.04306910568381716,0.06637696934910638,0.03128973677341595,0.055083949372956575,0.0,0.04663014022116667,0.030488361734073904,0.0,0.027541974686478288,0.0,0.023315070110583334,0.10086616853639487,0.07564962640229615,0.0958700689717892,0.023315070110583334,0.030488361734073904,0.0,0.06097672346814781,0.0,0.0407141199549439,0.19548312431087392,0.0,0.11504408276614701,0.3834802758871568,0.19279382280534801,0.12195344693629562,0.027541974686478288,0.08262592405943486,0.49917606806332626,0.027541974686478288,0.16525184811886973,0.030488361734073904,0.11504408276614701,0.02035705997747195,0.021720347145652658,0.02035705997747195,0.0,0.04916445040644569,0.027541974686478288,0.055083949372956575,0.043440694291305315,0.0,0.11471705094837328,0.0,0.021720347145652658,0.021720347145652658,0.0,0.08688138858261063,0.02035705997747195,0.0,0.0,0.1260827106704936,0.023315070110583334,0.0,0.0,0.0,0.023315070110583334,0.0,0.0,0.0,0.0,0.0,0.0,0.31202928454918566,0.0,0.0,0.0,0.0,0.0,0.030488361734073904,0.025216542134098716,0.0,0.0,0.0,0.04663014022116667,0.025216542134098716,0.0,0.030488361734073904,0.025216542134098716,0.0,0.0,0.09146508520222171,0.0,0.0,0.051638903592757884,0.0,0.0,0.0,0.0,0.10178529988735976,0.0,0.0,0.16525184811886973,0.030488361734073904,0.0,C1
C1__article07,0.0,0.0,0.0,0.0,0.0,0.0,0.06386523140724171,0.0,0.0,0.0,0.0,0.0,0.0,0.0,0.0,0.0,0.0,0.0,0.449725633552474,0.0,0.0,0.0,0.0,0.0,0.0,0.0,0.0,0.0,0.05419260044646608,0.0,0.0,0.0,0.0,0.0,0.0,0.0,0.0,0.0,0.0,0.0,0.0,0.0,0.0,0.0,0.0,0.0,0.20587712966034757,0.1903528123194128,0.0,0.0,0.0,0.0,0.0,0.24891820490207978,0.0,0.09435266317456562,0.0,0.0,0.0,0.0,0.0,0.0,0.0,0.0,0.0,0.0,0.0,0.0,0.0,0.05419260044646608,0.0,0.0,0.0,0.0,0.0,0.1124314083881185,0.0,0.0,0.0951764061597064,0.10293856483017379,0.0,0.31308740929331164,0.0,0.0,0.0,0.0,0.0,0.0,0.08866645358814815,0.0,0.31308740929331164,0.0,0.0,0.0,0.0,0.0,0.49186551403201656,0.0,0.0,0.0,0.07827185232332791,0.08310126452306424,0.1773329071762963,0.0,0.0,0.06689944426943213,0.1124314083881185,0.0,0.0,0.0,0.0,0.0,0.0,0.08866645358814815,0.0,0.0,0.0,0.0,0.0,0.0,0.0,0.0,0.0,0.0,0.0,0.0,0.0,0.0,0.0,0.0,0.0,0.28305798952369693,0.0,0.0,0.0,0.0,0.0,0.0,0.10293856483017379,0.0,0.0,0.0,0.0,0.0,0.0,0.0,0.0,0.0,0.0,0.0,0.0,0.0,0.0,0.0,0.0,0.0,0.0,0.0,0.0,0.0,0.0,0.0,0.0,C1
C1__article03,0.0,0.0,0.0,0.0,0.0,0.0,0.0,0.0,0.0,0.0,0.10338409156026383,0.0,0.0,0.0,0.0,0.0,0.0,0.0,0.0,0.2746776389082742,0.0,0.0,0.0,0.0,0.0,0.0,0.0,0.0,0.0,0.0,0.0,0.0,0.0,0.0,0.0,0.0,0.0,0.0,0.0,0.18311842593884944,0.0,0.049215046105693,0.0,0.0,0.0,0.0,0.0,0.07001719174914568,0.1304561988226525,0.0,0.0,0.0,0.0,0.0,0.0,0.0,0.0,0.0,0.0,0.0,0.0,0.0,0.07001719174914568,0.0,0.0,0.0,0.0,0.0,0.0,0.0,0.0,0.0,0.0,0.0,0.0,0.0,0.0,0.0,0.07001719174914568,0.07572747829963213,0.4543648697977928,0.11516247594991497,0.0,0.0,0.0,0.0,0.0,0.06113402898344754,0.260912397645305,0.0,0.11516247594991497,0.05758123797495748,0.08271095534462533,0.0,0.0,0.08271095534462533,0.3101522746807915,0.0,0.0,0.0,0.0,0.0,0.19568429823397876,0.06113402898344754,0.06113402898344754,0.0,0.0,0.0,0.0,0.0,0.0,0.0,0.1304561988226525,0.0,0.0,0.0,0.0,0.15145495659926425,0.0,0.15145495659926425,0.0,0.0,0.0,0.0,0.14003438349829136,0.0,0.0,0.0,0.0,0.0,0.0,0.06941119943582136,0.0,0.0,0.0,0.0,0.0,0.0,0.0,0.0,0.0,0.0,0.0,0.5300923480974249,0.0,0.0,0.0,0.0,0.09155921296942472,0.0,0.0,0.0,0.0,0.0,0.0,0.0,0.0,0.0,0.0,0.0,0.0,0.0,0.0,C1
C1__article02,0.0,0.0,0.0,0.0,0.04216340428797036,0.0,0.06037663543788294,0.0,0.0,0.0,0.0,0.0,0.0,0.0,0.0,0.0784404042704264,0.0784404042704264,0.0,0.0,0.0,0.029992486002020393,0.03542997238842669,0.0,0.0,0.10474921731236281,0.0,0.0,0.0,0.08538727589568464,0.027941035760784678,0.0,0.027941035760784678,0.0,0.0,0.07085994477685338,0.029992486002020393,0.06487707593321844,0.0,0.0,0.0784404042704264,0.0,0.08432680857594071,0.0,0.0,0.0785619129842721,0.0,0.06487707593321844,0.059984972004040786,0.027941035760784678,0.14996243001010195,0.024665434742517926,0.03243853796660922,0.0,0.0,0.0,0.16353097096589075,0.0,0.0,0.0,0.0,0.0,0.0,0.0,0.0,0.029992486002020393,0.029992486002020393,0.0,0.0,0.018468020086216876,0.10246473107482157,0.02012554514596098,0.0,0.0,0.0,0.0,0.0,0.21257983433056016,0.0392202021352132,0.0,0.06487707593321844,0.09731561389982765,0.12332717371258961,0.029992486002020393,0.0392202021352132,0.0,0.0,0.0,0.10474921731236281,0.16764621456470807,0.09731561389982765,0.12332717371258961,0.024665434742517926,0.14171988955370676,0.0392202021352132,0.17714986194213347,0.0,0.2878557104289915,0.03542997238842669,0.10628991716528008,0.0,0.07399630422755378,0.052374608656181404,0.0,0.052374608656181404,0.0785619129842721,0.358388936447748,0.14171988955370676,0.14171988955370676,0.11176414304313871,0.03542997238842669,0.12649021286391107,0.0392202021352132,0.027941035760784678,0.027941035760784678,0.08997745800606118,0.11176414304313871,0.026187304328090702,0.09731561389982765,0.0784404042704264,0.03243853796660922,0.0,0.1176606064056396,0.029992486002020393,0.06487707593321844,0.029992486002020393,0.0,0.0,0.0,0.0,0.0,0.0,0.445993557179702,0.0,0.0,0.0,0.09731561389982765,0.027941035760784678,0.0,0.03243853796660922,0.0,0.0,0.0,0.029992486002020393,0.03243853796660922,0.0392202021352132,0.0,0.03243853796660922,0.0,0.0,0.0,0.10628991716528008,0.0392202021352132,0.044285493912152536,0.0,0.0,0.0,0.03542997238842669,0.23568573895281633,0.0392202021352132,0.0,0.0,0.0392202021352132,0.0392202021352132,C1
C1__article01,0.0,0.0,0.0,0.0,0.02414095851842507,0.0,0.023046049470343787,0.0,0.0,0.0,0.07606792830575095,0.0,0.02824474195163282,0.0,0.0,0.0,0.0,0.0,0.0,0.04491161417440686,0.06868964901354485,0.0,0.0,0.0299874565713936,0.0599749131427872,0.0,0.0,0.0,0.019555638072489875,0.03199567950709249,0.0,0.0,0.0,0.0,0.0,0.1373792980270897,0.0,0.0,0.0,0.0,0.06868964901354485,0.0,0.0,0.0,0.0,0.0,0.03714583358126495,0.0,0.22396975654964746,0.0,0.0,0.0,0.0,0.0,0.0742916671625299,0.10214271968956624,0.0,0.09598703852127748,0.0,0.0,0.0,0.0,0.034344824506772426,0.0,0.0,0.0,0.08114273580911814,0.0,0.0634439814831561,0.11733382843493925,0.0,0.0,0.0,0.0,0.0,0.0,0.0,0.0,0.034344824506772426,0.03714583358126495,0.11143750074379484,0.14122370975816412,0.0,0.0,0.0,0.08982322834881372,0.0,0.0599749131427872,0.4479395130992949,0.0,0.16946845170979696,0.0,0.0,0.0,0.0,0.12171410371367723,0.3549836654268378,0.0,0.28399957533191356,0.04491161417440686,0.0,0.0,0.06399135901418498,0.0,0.0,0.0,0.04057136790455907,0.0,0.03199567950709249,0.04057136790455907,0.02414095851842507,0.0,0.0,0.0,0.0,0.03199567950709249,0.0,0.0,0.0,0.33431250223138453,0.06868964901354485,0.08982322834881372,0.034344824506772426,0.0742916671625299,0.4121378940812691,0.0,0.0,0.0,0.0,0.0,0.0,0.17023786614927705,0.0,0.0,0.0742916671625299,0.03714583358126495,0.03199567950709249,0.0,0.0,0.0,0.0,0.0,0.0,0.0,0.04491161417440686,0.0,0.0,0.0,0.0,0.04491161417440686,0.0,0.0,0.02535597610191698,0.0,0.0,0.0,0.0,0.0,0.0,0.04057136790455907,0.0,0.0,0.0,C1
C4__article08,0.0,0.0,0.0,0.05714423925044333,0.040166654776176966,0.0,0.01917245150650268,0.0,0.0,0.0,0.0,0.03375210075391002,0.0,0.0,0.0,0.0,0.0,0.03736283504665796,0.0,0.0,0.0,0.0,0.07472567009331592,0.0,0.07484142446950443,0.085716358875665,0.0,0.049894282979669614,0.048806133533558275,0.0,0.0,0.1330891037435106,0.030902332910543607,0.0,0.0,0.0,0.061804665821087214,0.030902332910543607,0.03736283504665796,0.0,0.0,0.020083327388088483,0.0,0.13500840301564007,0.049894282979669614,0.0,0.0,0.0,0.07985346224610637,0.05714423925044333,0.023497343702147493,0.12360933164217443,0.0,0.0,0.15451166455271806,0.35406038218367364,0.06750420150782004,0.026617820748702118,0.0,0.03375210075391002,0.03736283504665796,0.0,0.0,0.03736283504665796,0.28572119625221665,0.028572119625221666,0.0,0.07472567009331592,0.0351868450723851,0.11388097824496933,0.05751735451950804,0.0,0.0,0.0,0.0,0.06750420150782004,0.0,0.07472567009331592,0.0,0.0,0.0,0.04699468740429499,0.028572119625221666,0.0,0.0,0.0,0.0,0.0,0.0,0.0,0.04699468740429499,0.07049203110644248,0.0,0.0,0.0,0.0,0.0,0.0,0.0,0.0,0.0,0.12473570744917403,0.0,0.0,0.0,0.020083327388088483,0.0,0.0,0.026617820748702118,0.0,0.1405832917166194,0.0,0.026617820748702118,0.0,0.05714423925044333,0.0,0.0,0.0,0.03736283504665796,0.0,0.0,0.0,0.028572119625221666,0.0,0.0,0.07985346224610637,0.10647128299480847,0.2395603867383191,0.07985346224610637,0.07985346224610637,0.07985346224610637,0.4956845350571431,0.07472567009331592,0.20251260452346012,0.0,0.061804665821087214,0.18632474524091486,0.03736283504665796,0.12360933164217443,0.07472567009331592,0.03736283504665796,0.061804665821087214,0.0,0.0,0.0,0.0,0.12360933164217443,0.1687605037695501,0.03736283504665796,0.0,0.0,0.0,0.10547061934402596,0.07985346224610637,0.0,0.10125630226173006,0.0,0.12473570744917403,0.0,0.03375210075391002,0.06750420150782004,0.03736283504665796,0.14945134018663184,C4
C4__article05,0.0,0.0,0.0,0.0,0.0,0.0,0.0,0.0,0.0,0.0,0.0,0.0,0.10730156550113933,0.0,0.0,0.0,0.0,0.0,0.0,0.0,0.0,0.15413032620856354,0.0,0.0,0.0,0.0,0.0,0.0,0.0742917242134882,0.0,0.0,0.0,0.0,0.0,0.0,0.0,0.0,0.0,0.0,0.0,0.0,0.0,0.0,0.0,0.0,0.0,0.0,0.1304757339525112,0.0,0.0,0.0,0.0,0.0,0.0,0.0,0.06467323927643404,0.0,0.12155134949587577,0.0,0.0,0.0,0.0,0.0,0.0,0.0,0.1304757339525112,0.0,0.0,0.0,0.0,0.0,0.15413032620856354,0.0,0.0,0.0,0.0,0.0,0.0,0.0,0.0,0.0,0.0,0.0,0.0,0.0,0.0,0.0,0.0,0.0,0.0,0.0,0.0,0.0,0.0,0.15413032620856354,0.0,0.0,0.0,0.0,0.0,0.0,0.11392212543552542,0.0,0.11392212543552542,0.34176637630657625,0.18342264525984286,0.0,0.0,0.0,0.0,0.0,0.0,0.0,0.0,0.0,0.0,0.0,0.0,0.0,0.0,0.0,0.0,0.0,0.0,0.0,0.12155134949587577,0.24310269899175155,0.36465404848762734,0.24310269899175155,0.24310269899175155,0.4862053979835031,0.06467323927643404,0.0,0.0,0.14111674668297342,0.0,0.0,0.0,0.0,0.17061888964499547,0.17061888964499547,0.0,0.0,0.0,0.0,0.0,0.0,0.0,0.0,0.0,0.0,0.0,0.0,0.12155134949587577,0.0,0.15413032620856354,0.0,0.0,0.0,0.0,0.0,0.0,0.0,C4
C4__article04,0.0,0.0,0.0,0.0,0.0,0.0,0.0,0.26586270252483707,0.0,0.0,0.0,0.0,0.0,0.0,0.0,0.0,0.0,0.0,0.0,0.0,0.0,0.12008490136146355,0.0,0.0,0.0,0.0,0.0,0.0,0.0,0.0,0.0,0.0,0.0,0.0,0.0,0.10165530708441035,0.0,0.0,0.0,0.0,0.0,0.0,0.0,0.0,0.0,0.0,0.0,0.0,0.0,0.0,0.08360001711602828,0.0,0.10994585571008786,0.0,0.0,0.10077548981149712,0.0,0.0,0.0,0.0,0.0,0.12008490136146355,0.10165530708441035,0.0,0.0,0.0,0.0,0.0,0.0,0.05788162909665023,0.06821270073831197,0.0,0.0,0.0,0.0,0.0,0.0,0.0,0.0,0.0,0.0,0.0,0.0,0.0,0.0,0.0,0.0,0.0,0.0,0.0,0.0,0.0,0.0,0.0,0.0,0.0,0.0,0.0,0.0,0.0,0.0,0.0,0.0,0.0,0.0,0.07145346021548601,0.0,0.0,0.0,0.0,0.0,0.0,0.0,0.0,0.0,0.0947022054233091,0.0,0.0,0.0,0.0,0.10165530708441035,0.0,0.0,0.0,0.0,0.1894044108466182,0.1894044108466182,0.5682132325398545,0.1894044108466182,0.1894044108466182,0.3788088216932364,0.20155097962299423,0.0,0.12008490136146355,0.10994585571008786,0.0,0.0,0.0,0.0,0.0,0.0,0.10994585571008786,0.0,0.0,0.0,0.0,0.0,0.0,0.0,0.0,0.0,0.0,0.1500994443315366,0.1894044108466182,0.26586270252483707,0.0,0.0,0.0,0.0,0.0,0.0,0.0,0.0,C4
C4__article06,0.0,0.0,0.0,0.05460483733395506,0.0,0.0,0.018320457311847026,0.0,0.0,0.0,0.08062693406488707,0.09675662825446854,0.0,0.02730241866697753,0.0,0.0,0.0,0.17851244122060167,0.0,0.07140497648824067,0.0,0.0,0.0,0.0,0.0,0.0,0.0,0.023838528972787446,0.031091509455797136,0.025434965820390672,0.0,0.0,0.029529080865432447,0.03570248824412033,0.0,0.0,0.0,0.029529080865432447,0.0,0.0,0.0,0.019190855273178358,0.0,0.06450441883631236,0.11919264486393723,0.0,0.0,0.0,0.025434965820390672,0.02730241866697753,0.044906315928454434,0.0,0.0,0.0,0.0,0.10826447504284502,0.0,0.0,0.0,0.06450441883631236,0.0,0.0,0.05460483733395506,0.0,0.35493144267070786,0.0,0.0,0.0,0.01681159795523711,0.015545754727898568,0.018320457311847026,0.16126104709078087,0.0,0.02730241866697753,0.03570248824412033,0.0,0.0,0.0,0.0,0.0,0.0,0.0,0.0,0.0,0.0,0.07140497648824067,0.0,0.0,0.0,0.0,0.0,0.0,0.0,0.0,0.0,0.0,0.0,0.0,0.0,0.0,0.0,0.04767705794557489,0.0,0.023838528972787446,0.0,0.0,0.0,0.0,0.10173986328156269,0.0,0.038381710546356716,0.03570248824412033,0.0,0.0,0.0,0.0,0.023838528972787446,0.0,0.0,0.0,0.02730241866697753,0.0,0.0,0.0,0.0,0.15260979492234406,0.15260979492234406,0.4578293847670321,0.12717482910195335,0.12717482910195335,0.20347972656312538,0.16239671256426755,0.07140497648824067,0.03225220941815618,0.029529080865432447,0.0,0.10173986328156269,0.0,0.0,0.24991741770884235,0.0,0.059058161730864894,0.02730241866697753,0.059058161730864894,0.03570248824412033,0.07140497648824067,0.3248198895197569,0.16126104709078087,0.07140497648824067,0.03570248824412033,0.0,0.0,0.020156733516221766,0.15260979492234406,0.3213223941970831,0.03225220941815618,0.03225220941815618,0.0,0.03570248824412033,0.0,0.0,0.0,0.03570248824412033,C4
C4__article07,0.0,0.0,0.0,0.07876874138878222,0.0,0.0,0.05285536720109408,0.10300333086748013,0.0,0.0465245583891859,0.0,0.0,0.032389199920680144,0.03938437069439111,0.05150166543374007,0.0,0.0,0.0,0.0,0.0,0.03938437069439111,0.0,0.05150166543374007,0.06877525931494177,0.0,0.0,0.0,0.10316288897241267,0.0224251109176702,0.03669052675106201,0.0,0.03669052675106201,0.0,0.0,0.0,0.0,0.04259638243975361,0.04259638243975361,0.10300333086748013,0.0,0.03938437069439111,0.02768325280043545,0.04259638243975361,0.0,0.034387629657470886,0.0,0.0,0.03938437069439111,0.03669052675106201,0.0,0.1943351995240809,0.0,0.04259638243975361,0.0,0.04259638243975361,0.27330451828200303,0.0465245583891859,0.07338105350212402,0.0930491167783718,0.0,0.05150166543374007,0.0930491167783718,0.07876874138878222,0.05150166543374007,0.03938437069439111,0.07876874138878222,0.0465245583891859,0.0,0.0970044762568904,0.112125554588351,0.05285536720109408,0.0,0.0,0.03938437069439111,0.0,0.0,0.0,0.05150166543374007,0.0,0.0,0.0,0.032389199920680144,0.15753748277756444,0.05150166543374007,0.0,0.0,0.1860982335567436,0.034387629657470886,0.0,0.0,0.032389199920680144,0.0,0.0,0.0,0.13957367516755773,0.0,0.0,0.0,0.0,0.0,0.032389199920680144,0.17193814828735446,0.0,0.0,0.0,0.0553665056008709,0.0,0.0,0.03669052675106201,0.0,0.02768325280043545,0.05150166543374007,0.0,0.03669052675106201,0.03938437069439111,0.11007158025318604,0.06877525931494177,0.04259638243975361,0.05150166543374007,0.0,0.03938437069439111,0.0,0.0,0.17038552975901444,0.0,0.11007158025318604,0.11007158025318604,0.33021474075955815,0.07338105350212402,0.07338105350212402,0.11007158025318604,0.39043502611714714,0.0,0.0,0.0,0.04259638243975361,0.0,0.0,0.04259638243975361,0.10300333086748013,0.10300333086748013,0.04259638243975361,0.0,0.0,0.0,0.15450499630122022,0.04259638243975361,0.0,0.0,0.0,0.0930491167783718,0.05150166543374007,0.05815310903213972,0.11007158025318604,0.36051165803618046,0.13957367516755773,0.0465245583891859,0.13755051862988354,0.0,0.0,0.0,0.0,0.0,C4
C4__article03,0.0,0.0,0.0,0.0,0.0,0.0,0.09576808470524845,0.0,0.0,0.0,0.07024467165872766,0.0,0.0,0.0,0.0,0.0,0.0,0.0,0.0,0.0,0.0,0.0,0.0,0.0,0.0,0.0,0.0,0.04153772334125691,0.0,0.0,0.0,0.0,0.0,0.0,0.0,0.09514683682291598,0.0,0.0,0.0,0.0,0.04757341841145799,0.06687865999863948,0.0,0.056198239139879376,0.04153772334125691,0.0,0.20581316790312215,0.0,0.0,0.0,0.0,0.0,0.05145329197578054,0.0,0.0,0.16506586207588395,0.0,0.0,0.0,0.0,0.062210217793708944,0.0,0.0,0.0,0.0,0.0,0.0,0.0,0.08788069585831812,0.0,0.0,0.0,0.0,0.0,0.0,0.0,0.0,0.12442043558741789,0.0,0.0,0.0,0.0,0.04757341841145799,0.0,0.0,0.0,0.056198239139879376,0.0,0.0,0.0,0.0,0.0,0.0,0.062210217793708944,0.0,0.0,0.0,0.0,0.056198239139879376,0.0,0.0,0.0,0.0,0.0,0.08307544668251382,0.1671966499965987,0.0,0.0,0.044319453379348984,0.0,0.06687865999863948,0.0,0.0,0.0,0.0,0.044319453379348984,0.0,0.05145329197578054,0.0,0.0,0.09514683682291598,0.062210217793708944,0.09514683682291598,0.0,0.0,0.17727781351739594,0.17727781351739594,0.5318334405521878,0.13295836013804693,0.13295836013804693,0.22159726689674492,0.047161674878823986,0.24884087117483578,0.056198239139879376,0.0,0.0,0.0,0.0,0.0,0.0,0.0,0.0,0.04757341841145799,0.0,0.0,0.062210217793708944,0.0,0.0,0.0,0.0,0.056198239139879376,0.062210217793708944,0.45659036578172985,0.17727781351739594,0.0,0.0,0.0,0.04153772334125691,0.0,0.056198239139879376,0.1685947174196381,0.0,0.0,C4
C4__article02,0.0,0.05422584506920924,0.0,0.0,0.04091377012799945,0.0,0.0,0.0,0.0,0.0,0.0,0.0,0.0,0.0,0.0,0.0761155965288888,0.0,0.0,0.0,0.0,0.0,0.0,0.0,0.0,0.0,0.0,0.0,0.10164467197513796,0.0,0.0,0.0,0.0,0.0,0.0,0.0,0.0,0.0,0.0,0.0,0.0,0.0,0.04091377012799945,0.0,0.0,0.05082233598756898,0.0,0.0,0.0,0.0,0.0,0.0,0.0,0.06295425656760315,0.0,0.06295425656760315,0.08655505021555027,0.06875980582787217,0.0,0.0,0.0,0.0,0.0,0.0,0.0,0.0,0.058207144255854555,0.0,0.0,0.0,0.033142631026582874,0.03905813307572275,0.0,0.0,0.0,0.0,0.0,0.06875980582787217,0.0,0.0,0.0,0.0,0.0,0.0,0.0,0.0,0.0,0.0,0.0,0.0,0.1259085131352063,0.0,0.09573761362058442,0.0,0.0,0.0,0.0,0.04297296550230592,0.0,0.0,0.0,0.04786880681029221,0.1524670079627069,0.05422584506920924,0.05082233598756898,0.0,0.04091377012799945,0.0,0.06875980582787217,0.0,0.0,0.0,0.0,0.10845169013841847,0.05422584506920924,0.0,0.0,0.0,0.0,0.0,0.0,0.058207144255854555,0.0,0.0,0.0,0.0,0.16267753520762773,0.16267753520762773,0.4880326056228832,0.05422584506920924,0.05422584506920924,0.5422584506920924,0.37507188426738447,0.0,0.06875980582787217,0.0,0.0,0.0,0.0,0.0,0.0,0.0,0.1888627697028094,0.058207144255854555,0.0,0.0,0.0,0.0,0.0,0.0,0.0,0.06875980582787217,0.0,0.0,0.16267753520762773,0.0761155965288888,0.06875980582787217,0.13751961165574433,0.10164467197513796,0.0761155965288888,0.06875980582787217,0.06875980582787217,0.0,0.0,C4
C4__article01,0.0,0.0,0.0,0.0,0.0,0.0,0.12758363152514315,0.0,0.0,0.0,0.07018572784264387,0.0,0.0,0.0,0.0,0.0,0.0,0.0,0.0,0.0,0.09506699706399602,0.0,0.0,0.0,0.08300573628691083,0.0,0.0,0.0,0.05413030387898387,0.0,0.0,0.0,0.0,0.0,0.0,0.09506699706399602,0.0,0.0,0.0,0.0,0.0,0.0,0.0,0.0,0.0,0.0,0.0,0.0,0.0,0.0,0.0,0.0,0.0,0.0,0.0,0.047122100502225484,0.0,0.0,0.0,0.0,0.0,0.11230216397537457,0.0,0.0,0.0,0.09506699706399602,0.0,0.0,0.0,0.0,0.0,0.0,0.0,0.0,0.0,0.0,0.0,0.0,0.0,0.0,0.0,0.0,0.0,0.0,0.0,0.0,0.0,0.08300573628691083,0.0,0.10282023282178825,0.0,0.0,0.0,0.0,0.0,0.0,0.0,0.11230216397537457,0.0,0.12431603172162775,0.0,0.08300573628691083,0.0,0.0,0.16601147257382165,0.0,0.0,0.0,0.0,0.0,0.0,0.0,0.0,0.0,0.0,0.0,0.0,0.0,0.0,0.0,0.0,0.0,0.0,0.0,0.0,0.1771290558879707,0.1771290558879707,0.5313871676639121,0.1771290558879707,0.1771290558879707,0.5313871676639121,0.047122100502225484,0.0,0.0,0.0,0.0,0.0,0.0,0.0,0.0,0.12431603172162775,0.3084606984653647,0.0,0.0,0.0,0.0,0.0,0.11230216397537457,0.0,0.0,0.0,0.0,0.0,0.1771290558879707,0.0,0.0,0.0,0.0,0.0,0.0,0.0,0.0,0.0,C4



